0.9976572692394257,0.1909143626689911,-0.9344621300697327,0.009999999776482582,0.823388397693634,-0.0016257213428616524,0.974682,0.960915,0.482485
0.36531609296798706,0.303472563624382,0.5222712755203247,0.05000000074505806,0.44628047943115234,0.012508461251854897,0.974682,0.960915,0.482485
0.11315172910690308,0.4042442515492439,0.07572750747203827,0.03909936174750328,0.4913545548915863,-0.019999999552965164,0.974682,0.960915,0.482485
0.9838586151599884,0.412430003285408,-1.5682514905929565,0.027020102366805077,0.37225356698036194,0.007573801092803478,0.974682,0.960915,0.482485
0.04533416032791138,0.06888657808303833,-0.3332493305206299,0.046558015048503876,0.18704573810100555,0.01932358555495739,0.974682,0.960915,0.482485
0.2035064697265625,0.14242303371429443,-2.3580479621887207,0.04571133852005005,0.358627051115036,-0.00824055913835764,0.974682,0.960915,0.482485
0.1097927987575531,0.43391623347997665,-2.296435832977295,0.036913998425006866,0.2023724615573883,0.01816471666097641,0.974682,0.960915,0.482485
0.35210730135440826,0.09772565960884094,3.124415874481201,0.011653304100036621,1.0,0.010483832098543644,0.672132,0.730479,0.94531
0.5449652075767517,0.5104805706068873,0.7792952656745911,0.04900796338915825,0.6046313643455505,0.014702115207910538,0.672132,0.730479,0.94531
0.6590313017368317,0.8340898752212524,-2.0964722633361816,0.04263361543416977,0.24724622070789337,-0.019999999552965164,0.672132,0.730479,0.94531
0.9989933371543884,0.20937016606330872,0.6348845362663269,0.03791404142975807,0.10000000149011612,0.0016090645221993327,0.672132,0.730479,0.94531
0.28993430733680725,0.15060493350028992,-2.379044771194458,0.010241232812404633,0.5006527304649353,-0.010241232812404633,0.672132,0.730479,0.94531
0.5208917241543531,0.19408893585205078,1.0358645915985107,0.05000000074505806,0.10000000149011612,0.019999999552965164,0.672132,0.730479,0.94531
0.18139424920082092,0.4678116887807846,-2.75988507270813,0.05000000074505806,1.0,-0.0006470562657341361,0.672132,0.730479,0.94531
0.302824005484581,0.8553306758403778,-1.480789303779602,0.023437613621354103,1.0,0.005229265429079533,0.672132,0.730479,0.94531
0.14043641090393066,0.9020788073539734,0.05355806276202202,0.009999999776482582,0.9895368814468384,-0.009999999776482582,0.672132,0.730479,0.94531
0.3875062167644501,0.07519188523292542,1.881502389907837,0.048185933381319046,0.8650525212287903,-0.019999999552965164,0.672132,0.730479,0.94531
0.19084084033966064,0.09847229719161987,-1.0699963569641113,0.009999999776482582,0.6118514537811279,0.009999999776482582,0.672132,0.730479,0.94531
0.6032861173152924,0.44510800763964653,0.7960089445114136,0.0415521003305912,0.9503440856933594,0.007468296214938164,0.672132,0.730479,0.94531
0.05004194378852844,0.13061749935150146,-1.8336167335510254,0.009999999776482582,0.9693989157676697,0.00853132177144289,0.672132,0.730479,0.94531
0.8294625580310822,0.12962573766708374,-2.006958246231079,0.04648560658097267,0.10000000149011612,-0.019999999552965164,0.672132,0.730479,0.94531
0.6288176327943802,0.7066555917263031,0.4014433026313782,0.013095259666442871,0.5416412353515625,-0.011154847219586372,0.672132,0.730479,0.94531
0.8996773958206177,0.637238085269928,-2.5242981910705566,0.027343368157744408,0.10000000149011612,-0.019593283534049988,0.672132,0.730479,0.94531
0.6683402806520462,0.649709090590477,0.011410736478865147,0.05000000074505806,0.6214683651924133,-0.01767606846988201,0.672132,0.730479,0.94531
0.6577726453542709,0.6657666712999344,-2.3817107677459717,0.05000000074505806,0.572361946105957,-0.003316420828923583,0.672132,0.730479,0.94531
0.21407350897789001,0.0238359272480011,2.795639991760254,0.010955048725008965,0.2852073907852173,-0.004253629129379988,0.672132,0.730479,0.94531
0.46386033669114113,0.11990511417388916,-1.932578444480896,0.014904584735631943,0.9375574588775635,-0.013268405571579933,0.672132,0.730479,0.94531
0.7727063298225403,0.22215184569358826,2.686072587966919,0.05000000074505806,1.0,0.0002335102908546105,0.672132,0.730479,0.94531
0.6760949194431305,0.6109470129013062,0.6002374291419983,0.048927828669548035,0.6026756167411804,0.005464415997266769,0.672132,0.730479,0.94531
0.053156644105911255,0.36650319397449493,2.7212350368499756,0.05000000074505806,1.0,0.006158019416034222,0.87512,0.894481,0.584065
0.6826607286930084,0.7445943504571915,2.112460136413574,0.009999999776482582,0.2854032516479492,-0.0056167603470385075,0.87512,0.894481,0.584065
0.1816306710243225,0.625731036067009,-2.582037925720215,0.0319545678794384,0.5548161268234253,0.006325362715870142,0.87512,0.894481,0.584065
0.5797474682331085,0.951574057340622,0.3674571216106415,0.04609624668955803,0.5602625608444214,0.008606014773249626,0.87512,0.894481,0.584065
0.8868102133274078,0.35172177851200104,2.659947395324707,0.05000000074505806,0.10000000149011612,0.019999999552965164,0.87512,0.894481,0.584065
0.637800395488739,0.5202299505472183,0.8908716440200806,0.049436599016189575,0.10262801498174667,-0.011976544745266438,0.87512,0.894481,0.584065
0.35966557264328003,0.873175710439682,2.011542558670044,0.05000000074505806,0.96871018409729,0.012873529456555843,0.87512,0.894481,0.584065
0.9463305473327637,0.31732334196567535,-1.997689962387085,0.04894781857728958,0.10487142205238342,0.017203936353325844,0.87512,0.894481,0.584065
0.6923363655805588,0.34681227803230286,0.28465452790260315,0.0473962165415287,0.9988276362419128,-0.001143852947279811,0.87512,0.894481,0.584065
0.2303931713104248,0.6377278417348862,2.3059420585632324,0.009999999776482582,0.9991947412490845,0.0037703029811382294,0.87512,0.894481,0.584065
0.5751093477010727,0.3123937249183655,-2.773223638534546,0.0435178205370903,0.48980432748794556,0.01828678324818611,0.87512,0.894481,0.584065
0.13060224056243896,0.822656124830246,2.5338194370269775,0.05000000074505806,0.1627427339553833,-0.019999999552965164,0.87512,0.894481,0.584065
0.08718797564506531,0.5826658830046654,1.2951127290725708,0.046928487718105316,0.5515697598457336,-0.018696291372179985,0.629127,0.585988,0.953162
0.46342816576361656,0.04690346121788025,-0.22724509239196777,0.04991863667964935,0.10000000149011612,0.011759655550122261,0.629127,0.585988,0.953162
0.9112672209739685,0.5908756628632545,1.2746120691299438,0.01326149795204401,0.8669411540031433,-0.010777448303997517,0.629127,0.585988,0.953162
0.8191216886043549,0.7319140434265137,-2.2601706981658936,0.017774097621440887,0.8779142498970032,0.012191938236355782,0.629127,0.585988,0.953162
0.8721959888935089,0.5783567205071449,2.9355316162109375,0.04879651218652725,0.1634354442358017,0.009746135212481022,0.629127,0.585988,0.953162
0.36826424300670624,0.06091195344924927,-1.9722676277160645,0.05000000074505806,0.10000000149011612,0.0027650403790175915,0.629127,0.585988,0.953162
0.46323711425065994,0.5515106655657291,-2.3392930030822754,0.044739823788404465,0.332352876663208,0.013562415726482868,0.629127,0.585988,0.953162
0.0560891330242157,0.5915783196687698,2.3901238441467285,0.05000000074505806,0.6851163506507874,-0.010032895021140575,0.629127,0.585988,0.953162
0.6659922301769257,0.9409691989421844,-0.54677414894104,0.03680133447051048,0.6699385643005371,-0.01884717121720314,0.629127,0.585988,0.953162
0.7323957234621048,0.019163817167282104,-0.07526015490293503,0.036125291138887405,0.9839379191398621,-0.019818801432847977,0.629127,0.585988,0.953162
0.7333360761404037,0.4989866705145687,-0.0620495043694973,0.03827832266688347,0.43058061599731445,0.001738964463584125,0.629127,0.585988,0.953162
0.534824401140213,0.9704526960849762,1.5068347454071045,0.045520514249801636,0.6938624978065491,0.007636583410203457,0.648669,0.671863,0.777349
0.6181002408266068,0.8613822758197784,1.9246826171875,0.039245590567588806,0.87533038854599,0.019572297111153603,0.648669,0.671863,0.777349
0.4008944481611252,0.45465001463890076,-1.7716426849365234,0.05000000074505806,0.6119952201843262,0.005141424480825663,0.648669,0.671863,0.777349
0.235307514667511,0.4879240617156029,1.2809183597564697,0.034891922026872635,1.0,0.003081491682678461,0.648669,0.671863,0.777349
0.07364436984062195,0.03817194700241089,-2.1399149894714355,0.009999999776482582,0.21530616283416748,0.009911971166729927,0.648669,0.671863,0.777349
0.6990676075220108,0.5238768830895424,-1.485418438911438,0.009999999776482582,0.5959932804107666,0.009372996166348457,0.648669,0.671863,0.777349
0.8097620010375977,0.8284806907176971,-0.7722194194793701,0.009999999776482582,0.9591445922851562,0.006192784756422043,0.648669,0.671863,0.777349
0.8199481666088104,0.3692076951265335,1.7336090803146362,0.009999999776482582,0.5365856885910034,0.00617252616211772,0.648669,0.671863,0.777349
0.559073194861412,0.7987052798271179,-0.8048629760742188,0.04793559014797211,0.45862725377082825,0.016348322853446007,0.648669,0.671863,0.777349
0.46471528708934784,0.3906298130750656,-3.2411296367645264,0.05000000074505806,0.9978973269462585,0.015212404541671276,0.648669,0.671863,0.777349
0.06940564513206482,0.14076974987983704,-2.627467632293701,0.05000000074505806,1.0,0.01293285470455885,0.58816,0.611397,0.914124
0.3307911157608032,0.5587452054023743,-0.857969343662262,0.010173984803259373,0.9966831207275391,0.009798276238143444,0.58816,0.611397,0.914124
0.17825749516487122,0.23507726192474365,2.2383906841278076,0.04213595390319824,0.7447696924209595,-0.004596572834998369,0.58816,0.611397,0.914124
0.09709817171096802,0.7146351486444473,-2.661020517349243,0.05000000074505806,0.10000000149011612,0.01288811769336462,0.58816,0.611397,0.914124
0.5720443725585938,0.05004891753196716,0.09709445387125015,0.04928942769765854,0.3400060534477234,-0.019999999552965164,0.58816,0.611397,0.914124
0.5547979362308979,0.45448895916342735,1.8926533460617065,0.012174971401691437,0.6458885669708252,-0.012174971401691437,0.58816,0.611397,0.914124
0.3041166663169861,0.2699084132909775,-1.2997207641601562,0.02942325361073017,0.9989440441131592,0.01588130183517933,0.58816,0.611397,0.914124
0.09579476714134216,0.08483779430389404,-2.679640293121338,0.027813155204057693,0.35011398792266846,0.012135102413594723,0.58816,0.611397,0.914124
0.6904144287109375,0.0009335875511169434,2.357654571533203,0.04268045723438263,0.10000000149011612,0.019999999552965164,0.58816,0.611397,0.914124
0.04158508777618408,0.3048155605792999,-2.2419309616088867,0.04819202795624733,0.40678369998931885,-0.011228884570300579,0.60772,0.685564,0.787098
0.5787915512919426,0.15449824929237366,-1.4470009803771973,0.009999999776482582,0.9932689666748047,0.006368447560817003,0.60772,0.685564,0.787098
0.8524943888187408,0.39381836354732513,-3.0628252029418945,0.04859639331698418,0.5772937536239624,0.013422269374132156,0.60772,0.685564,0.787098
0.8876514136791229,0.9993621110916138,-0.7778210043907166,0.03763061389327049,0.9125568866729736,0.019040443003177643,0.60772,0.685564,0.787098
0.9062440991401672,0.8384217023849487,1.5922951698303223,0.0134900426492095,0.836311399936676,0.011992981657385826,0.60772,0.685564,0.787098
0.9149774312973022,0.797627329826355,0.7613674998283386,0.014640412293374538,0.999915361404419,-0.014257931150496006,0.60772,0.685564,0.787098
0.6224752813577652,0.8732822239398956,1.0772693157196045,0.011644418351352215,0.485499769449234,-0.011644418351352215,0.60772,0.685564,0.787098
0.6593683511018753,0.1522534191608429,1.7280687093734741,0.03829512372612953,0.10000000149011612,-0.01541715208441019,0.60772,0.685564,0.787098
0.3000941425561905,0.0020037293434143066,0.4691961407661438,0.04337472841143608,0.9954408407211304,-0.00919365044683218,0.60772,0.685564,0.787098
0.010011732578277588,0.2542918026447296,3.237293243408203,0.04158315435051918,0.45842352509498596,0.007942963391542435,0.556922,0.632849,0.898487
0.08568137884140015,0.3288930058479309,-2.204359531402588,0.04325149580836296,0.8451222777366638,-0.019239747896790504,0.556922,0.632849,0.898487
0.7529993951320648,0.3122463971376419,2.260258674621582,0.039063867181539536,0.4736493229866028,-0.005536097101867199,0.556922,0.632849,0.898487
0.8682063221931458,0.48005219362676144,0.4128583073616028,0.011634116061031818,0.10710668563842773,-0.009258844889700413,0.556922,0.632849,0.898487
0.19991812109947205,0.894695907831192,1.6203101873397827,0.05000000074505806,0.10000000149011612,0.019395453855395317,0.605736,0.660174,0.630847
0.25861942768096924,0.9551375210285187,-2.1387975215911865,0.04451632872223854,1.0,0.014529487118124962,0.605736,0.660174,0.630847
0.6867117881774902,0.23131641745567322,2.0953080654144287,0.009999999776482582,0.10000000149011612,-0.008077126927673817,0.605736,0.660174,0.630847
0.9486090242862701,0.24626010656356812,-2.9429619312286377,0.009999999776482582,0.12701432406902313,0.008982403203845024,0.605736,0.660174,0.630847
0.9782722294330597,0.6883042603731155,-2.3121702671051025,0.010427986271679401,0.10117283463478088,0.004005017690360546,0.605736,0.660174,0.630847
0.09734141826629639,0.9824942648410797,0.7328043580055237,0.009999999776482582,0.729742705821991,-0.003267816500738263,0.605736,0.660174,0.630847
0.747109904885292,0.9267258048057556,1.0317988395690918,0.03794755041599274,0.10000000149011612,0.019284173846244812,0.605736,0.660174,0.630847
0.2142757773399353,0.9973551332950592,-1.7780718803405762,0.05000000074505806,0.7197206020355225,-0.017633074894547462,0.605736,0.660174,0.630847
0.45503925532102585,0.6768184006214142,-0.059276267886161804,0.039097510278224945,0.14691250026226044,0.019758833572268486,0.634979,0.750023,0.517643
0.805081844329834,0.801328718662262,-0.6451342701911926,0.04871712997555733,0.10000000149011612,0.0022961061913520098,0.634979,0.750023,0.517643
0.9655607044696808,0.8925630152225494,-2.3664209842681885,0.009999999776482582,1.0,-5.350537321646698e-05,0.634979,0.750023,0.517643
0.3248562514781952,0.8671039044857025,2.0001108646392822,0.03654630482196808,1.0,0.01679939590394497,0.634979,0.750023,0.517643
0.7274202704429626,0.16948261857032776,2.3330390453338623,0.0486755296587944,0.10000000149011612,0.019999999552965164,0.558873,0.572307,0.769584
0.5464075431227684,0.7236296981573105,-2.9104394912719727,0.03816165030002594,0.10476810485124588,0.010779754258692265,0.558873,0.572307,0.769584
0.769713282585144,0.6211455911397934,1.0204565525054932,0.009999999776482582,0.9659447073936462,0.0009291733731515706,0.558873,0.572307,0.769584
0.6411684304475784,0.7976000905036926,-2.8056423664093018,0.0427999421954155,0.10677819699048996,0.0005890832981094718,0.558873,0.572307,0.769584
0.5399976447224617,0.15376436710357666,-3.473522901535034,0.038089726120233536,0.223413348197937,-0.01848422922194004,0.558873,0.572307,0.769584
0.45763687789440155,0.34407758712768555,-1.3449431657791138,0.05000000074505806,0.9774974584579468,0.0006789997569285333,0.558873,0.572307,0.769584
0.6352894753217697,0.3556370288133621,1.4085808992385864,0.014858103357255459,0.4520952105522156,0.007159399800002575,0.558873,0.572307,0.769584
0.3000277727842331,0.5730935409665108,-0.8406677842140198,0.009999999776482582,0.958488404750824,0.009999999776482582,0.558873,0.572307,0.769584
0.740175724029541,0.11501476168632507,-0.47458288073539734,0.03561217710375786,0.9827841520309448,0.016907360404729843,0.558873,0.572307,0.769584
0.5360797941684723,0.8937710225582123,-0.7390118837356567,0.02775627188384533,1.0,0.015375513583421707,0.558873,0.572307,0.769584
0.7708060443401337,0.6500711441040039,0.4573887586593628,0.05000000074505806,0.1036563441157341,0.019999999552965164,0.558873,0.572307,0.769584
0.933384507894516,0.38613174110651016,0.900992751121521,0.009999999776482582,0.4154583811759949,0.007005077321082354,0.558873,0.572307,0.769584
0.18716129660606384,0.033773720264434814,3.1475441455841064,0.009999999776482582,0.9410915374755859,-0.00721772899851203,0.558873,0.572307,0.769584
0.981636255979538,0.036822766065597534,2.2784583568573,0.021991897374391556,0.9936782717704773,-0.015143767930567265,0.558873,0.572307,0.769584
0.8182543516159058,0.032711178064346313,-1.621403455734253,0.009999999776482582,0.16641448438167572,0.0038633320946246386,0.558873,0.572307,0.769584
0.3411231189966202,0.00450405478477478,0.007613100111484528,0.0450202152132988,0.12065094709396362,-0.0032745173666626215,0.558873,0.572307,0.769584
0.8738215565681458,0.6431138813495636,-0.2718539834022522,0.05000000074505806,0.4771152436733246,0.006304399110376835,0.558873,0.572307,0.769584
0.21958115696907043,0.5097846519201994,0.035704221576452255,0.01386208739131689,0.9136425852775574,0.012329733930528164,0.558873,0.572307,0.769584
0.8048841655254364,0.11537706851959229,-2.0410592555999756,0.03536268696188927,1.0,-0.019330106675624847,0.558873,0.572307,0.769584
0.5304573141038418,0.446039654314518,-0.196285218000412,0.009999999776482582,0.834769606590271,-0.0033152264077216387,0.558873,0.572307,0.769584
0.3788835406303406,0.22450575232505798,1.816236138343811,0.031228655949234962,0.17845375835895538,-0.0013971402077004313,0.558873,0.572307,0.769584
0.45080026611685753,0.8353373408317566,2.287195920944214,0.05000000074505806,0.3309073746204376,-0.01986294984817505,0.558873,0.572307,0.769584
0.8829971551895142,0.1281442940235138,-1.912845492362976,0.04033391922712326,0.38000965118408203,-0.019999999552965164,0.558873,0.572307,0.769584
0.1750343143939972,0.7619441747665405,-3.192844867706299,0.03674143925309181,0.8636236786842346,0.014941929839551449,0.756041,0.974621,0.267954
0.048907846212387085,0.38002339005470276,-0.23483777046203613,0.009999999776482582,1.0,-0.001413492951542139,0.756041,0.974621,0.267954
0.17240950465202332,0.28312554955482483,1.0163097381591797,0.05000000074505806,0.10000000149011612,0.008685939945280552,0.67597,0.580125,0.468784
0.0673007071018219,0.9362112879753113,-2.061128616333008,0.009999999776482582,0.2320091426372528,0.009999999776482582,0.67597,0.580125,0.468784
0.8606765568256378,0.9266656339168549,0.24165232479572296,0.034298889338970184,0.9232767224311829,0.0013047977117821574,0.67597,0.580125,0.468784
0.25890877842903137,0.8487868010997772,1.298416018486023,0.03789703547954559,0.9101775288581848,-0.0014074353966861963,0.67597,0.580125,0.468784
0.4075104594230652,0.9746545553207397,-1.1334402561187744,0.04613784700632095,0.2914479970932007,0.01719740964472294,0.67597,0.580125,0.468784
0.19781306385993958,0.49044747836887836,3.147571325302124,0.01906532235443592,0.17606915533542633,0.002665117383003235,0.67597,0.580125,0.468784
0.46014053374528885,0.8739481270313263,1.4130996465682983,0.030261699110269547,0.3968696594238281,-0.019999999552965164,0.67597,0.580125,0.468784
0.7296845018863678,0.13073807954788208,-1.9384112358093262,0.009999999776482582,0.5294218063354492,0.009455891326069832,0.976597,0.783257,0.145102
0.5708983018994331,0.15222576260566711,1.750617504119873,0.013358238153159618,0.9972056150436401,0.011833137832581997,0.976597,0.783257,0.145102
0.004090785980224609,0.9109980762004852,-1.6181219816207886,0.034855879843235016,0.10680349916219711,-0.01880774274468422,0.976597,0.783257,0.145102
0.22428154945373535,0.311688631772995,0.8160573244094849,0.012602347880601883,0.48049283027648926,-0.012234248220920563,0.976597,0.783257,0.145102
0.5600469708442688,0.16296866536140442,1.6831603050231934,0.019981250166893005,0.9736534953117371,0.01368758361786604,0.976597,0.783257,0.145102
0.5918053835630417,0.15537476539611816,1.1289763450622559,0.02597448043525219,0.5062220096588135,0.01845480501651764,0.976597,0.783257,0.145102
0.34846796095371246,0.7477010935544968,-2.6568028926849365,0.05000000074505806,0.14756928384304047,-0.012096848338842392,0.400808,0.457058,0.769511
0.028433680534362793,0.8284809291362762,0.5929142832756042,0.009999999776482582,0.784072995185852,-0.004197358153760433,0.400808,0.457058,0.769511
0.0943840742111206,0.5360585078597069,2.0603339672088623,0.05000000074505806,0.4511692225933075,-0.013414672575891018,0.400808,0.457058,0.769511
0.4568137936294079,0.21556353569030762,1.8761035203933716,0.0463399738073349,0.8517084121704102,0.005483055021613836,0.400808,0.457058,0.769511
0.8950771987438202,0.6817432194948196,-0.2694544494152069,0.04965555667877197,0.10021238029003143,0.012063208967447281,0.400808,0.457058,0.769511
0.24995896220207214,0.19250637292861938,0.40223991870880127,0.04674612730741501,1.0,0.0022037627641111612,0.400808,0.457058,0.769511
0.8382994830608368,0.1451207399368286,2.3604347705841064,0.04499060660600662,0.9898874163627625,0.01914401166141033,0.400808,0.457058,0.769511
0.15138083696365356,0.610210619866848,-1.0173683166503906,0.05000000074505806,0.9629032015800476,0.012290652841329575,0.400808,0.457058,0.769511
0.40189049392938614,0.612664096057415,-2.3953280448913574,0.039153359830379486,0.2670406699180603,0.009858566336333752,0.400808,0.457058,0.769511
0.9258660078048706,0.4026782661676407,0.5787119269371033,0.009999999776482582,0.5939295887947083,0.009999999776482582,0.400808,0.457058,0.769511
0.6991104781627655,0.11278131604194641,2.3110220432281494,0.05000000074505806,1.0,-0.01710612140595913,0.414493,0.455127,0.689425
0.4977637550327927,0.7161235213279724,2.7563669681549072,0.04633677378296852,1.0,0.0008890649769455194,0.414493,0.455127,0.689425
0.9534041285514832,0.8323758542537689,-0.040490616112947464,0.042090099304914474,0.9993360042572021,0.0015705593395978212,0.414493,0.455127,0.689425
0.3218550831079483,0.41913654655218124,-1.4380590915679932,0.03362071141600609,0.21551953256130219,-0.01581612415611744,0.414493,0.455127,0.689425
0.8295321464538574,0.7103972733020782,2.854980707168579,0.042666107416152954,0.5908872485160828,-0.01720661111176014,0.414493,0.455127,0.689425
0.39210227876901627,0.7092485725879669,2.9681479930877686,0.01826365850865841,1.0,0.01078756246715784,0.414493,0.455127,0.689425
0.6592214554548264,0.3056288808584213,-2.2184457778930664,0.03800037130713463,0.3462829887866974,0.019999999552965164,0.414493,0.455127,0.689425
0.9949733018875122,0.5876751244068146,2.1223738193511963,0.009999999776482582,0.48653143644332886,-0.00992860458791256,0.78527,0.277474,0.447252
0.9943439364433289,0.7373459935188293,-2.576939105987549,0.017010148614645004,0.3671061396598816,-0.005911332555115223,0.78527,0.277474,0.447252
0.9853949546813965,0.9661789834499359,3.1088571548461914,0.01275322213768959,0.6710230708122253,-0.008151897229254246,0.78527,0.277474,0.447252
0.9828490316867828,0.07447782158851624,2.8738958835601807,0.009999999776482582,1.0,-0.0005959898699074984,0.78527,0.277474,0.447252
0.9674664735794067,0.5363898202776909,-2.711498498916626,0.009999999776482582,0.35183390974998474,0.00999801978468895,0.78527,0.277474,0.447252
0.04753181338310242,0.5422839038074017,-0.13676242530345917,0.009999999776482582,1.0,0.0005134048988111317,0.78527,0.277474,0.447252
0.5073833297938108,0.5960955247282982,0.844692587852478,0.0481194406747818,0.26275861263275146,-0.014458947815001011,0.330664,0.336055,0.806639
0.09271517395973206,0.8412536084651947,-1.4962239265441895,0.010604667477309704,0.9833151698112488,0.010604667477309704,0.330664,0.336055,0.806639
0.8968121409416199,0.6261913627386093,2.5540647506713867,0.043929193168878555,0.7886224389076233,0.0024888142943382263,0.330664,0.336055,0.806639
0.026126503944396973,0.4498188644647598,0.024669885635375977,0.010456200689077377,0.9952358603477478,0.0011771748540923,0.781319,0.242461,0.365237
0.3658261001110077,0.8277312517166138,-0.3485741913318634,0.0417066253721714,0.6944881081581116,-0.01804777979850769,0.504026,0.49221,0.246227
0.7231430411338806,0.4639217406511307,-2.1802096366882324,0.02044587768614292,0.10885027050971985,-0.0034458290319889784,0.504026,0.49221,0.246227
0.33144910633563995,0.9974049925804138,0.02119377627968788,0.04465372860431671,0.7120085954666138,0.015755996108055115,0.371252,0.394545,0.343732
0.780128538608551,0.8882051110267639,2.0309810638427734,0.022345086559653282,0.6419395208358765,-0.012583572417497635,0.371252,0.394545,0.343732
0.924142986536026,0.9062305092811584,0.6227016448974609,0.024162817746400833,0.9673717617988586,0.019236696884036064,0.371252,0.394545,0.343732
0.7402711659669876,0.9828707575798035,0.46645256876945496,0.009999999776482582,0.1307363510131836,-0.0016369316726922989,0.371252,0.394545,0.343732
0.05784636735916138,0.8204568922519684,3.1725854873657227,0.049429330974817276,0.10000000149011612,0.019999999552965164,0.297319,0.277409,0.470768
0.5003177278267685,0.4762736391276121,-3.0541772842407227,0.04737076535820961,0.26097390055656433,-0.019256267696619034,0.297319,0.277409,0.470768
0.834783524274826,0.5457709729671478,-1.1156893968582153,0.013740884140133858,0.9973313212394714,0.0003352698404341936,0.297319,0.277409,0.470768
0.521185576915741,0.3514499217271805,2.651099920272827,0.03255275636911392,0.9078592658042908,-0.004340359475463629,0.297319,0.277409,0.470768
0.08854076266288757,0.783096581697464,3.0515007972717285,0.04506196826696396,0.4191395938396454,-0.00020332681015133858,0.297319,0.277409,0.470768
0.8006302714347839,0.9639734923839569,0.5058825612068176,0.010101085528731346,0.400336891412735,-0.0033384484704583883,0.359683,0.636689,0.0172339
0.02361622452735901,0.11189791560173035,0.0726204514503479,0.009999999776482582,0.6187068819999695,0.006399205885827541,0.359683,0.636689,0.0172339
0.003744781017303467,0.7053270637989044,-0.18963919579982758,0.009999999776482582,1.0,0.00014007922436576337,0.081345,0.0173843,0.876956
0.6360985636711121,0.5237992480397224,3.318392038345337,0.05000000074505806,0.25255829095840454,0.011866702698171139,0.081345,0.0173843,0.876956
0.8887656331062317,0.035399168729782104,-1.9521610736846924,0.009999999776482582,0.10000000149011612,0.002088769106194377,0.081345,0.0173843,0.876956
0.4435303881764412,0.7951539158821106,1.2034245729446411,0.011631742119789124,0.2261565625667572,0.011631742119789124,0.0798107,0.214904,0.52931
0.1203778088092804,0.26350392401218414,-2.525346040725708,0.02278538979589939,0.9957588911056519,-0.010232572443783283,0.0798107,0.214904,0.52931
0.17889928817749023,0.7773800194263458,-2.2132253646850586,0.03777839615941048,0.3865283727645874,0.010153906419873238,0.0798107,0.214904,0.52931
0.46036118268966675,0.9567070603370667,-0.8268501162528992,0.05000000074505806,0.10701511055231094,-0.0012265780242159963,0.546998,0.265929,0.0170505
0.2681419104337692,0.8817537426948547,1.8189668655395508,0.03874334692955017,0.1049920916557312,-0.0007016653544269502,0.546998,0.265929,0.0170505
0.38327522575855255,0.15008044242858887,1.538861632347107,0.045242857187986374,1.0,-0.010909423232078552,0.546998,0.265929,0.0170505
0.7880527377128601,0.3671594262123108,1.1958049535751343,0.009999999776482582,1.0,0.009999999776482582,0.158643,0.0479646,0.425761
0.6428208947181702,0.4712728001177311,-3.1037895679473877,0.04794113710522652,0.8923900723457336,0.013987087644636631,0.158643,0.0479646,0.425761
0.3282756507396698,0.33667415380477905,-1.5502607822418213,0.048739735037088394,0.17054961621761322,-0.019999999552965164,0.0561761,0.0194911,0.160164
0.26829467713832855,0.3789566084742546,3.2114694118499756,0.019129179418087006,1.0,0.012397458776831627,0.0561761,0.0194911,0.160164
0.4191746264696121,0.221880704164505,0.11156841367483139,0.020153634250164032,0.12704463303089142,-0.0045877243392169476,0.152326,0.0296617,0.0195557
0.36876508593559265,0.459027960896492,-0.988481879234314,0.014569506049156189,0.8349376320838928,0.011548241600394249,0.0608027,0.0591862,0.0215747
0.39606668800115585,0.6986774951219559,-1.4903838634490967,0.0487087182700634,0.7394619584083557,-0.00581315066665411,0.0608027,0.0591862,0.0215747
0.29749931395053864,0.3013681620359421,1.8232767581939697,0.03709808364510536,0.8119737505912781,-0.0169407669454813,0.0608027,0.0591862,0.0215747
0.28818321228027344,0.5303399357944727,2.066476821899414,0.032557472586631775,0.523717999458313,-0.019986938685178757,0.0608027,0.0591862,0.0215747
0.3913175016641617,0.4926879205740988,1.2461353540420532,0.031654953956604004,0.9963446855545044,0.019808899611234665,0.0608027,0.0591862,0.0215747
0.43662652373313904,0.6240731105208397,-0.5115500092506409,0.043405916541814804,0.10000000149011612,-0.019999999552965164,0.0608027,0.0591862,0.0215747
0.31760647892951965,0.41959431767463684,1.6522647142410278,0.04892665147781372,0.8999979496002197,0.014062697067856789,0.0608027,0.0591862,0.0215747
0.3280884921550751,0.6380060166120529,-1.90947425365448,0.04884837940335274,0.8504915237426758,-0.018704699352383614,0.0608027,0.0591862,0.0215747